-- DATA RESTAURANTES
insert into SUCURSAL (ID_SUCURSAL, NOMBRE, DIRECCION, TELEFONO, RUC) values (1, 'Dooley-King', 'Johnson', 966054489, '7999276774');
insert into SUCURSAL (ID_SUCURSAL, NOMBRE, DIRECCION, TELEFONO, RUC) values (2, 'Rempel-Rohan', 'Colorado', 919435636, '5877220764');
insert into SUCURSAL (ID_SUCURSAL, NOMBRE, DIRECCION, TELEFONO, RUC) values (3, 'Roob, Reichert and Sanford', 'Texas', 998703107, '8074888045');
-- DATA UNIDAD_DIVISORIA
insert into UNIDAD_DIVISORIA (ID_UNIDAD,NOMBRE,ID_DIMENSION) VALUES(1,'UNIDAD1','A');
insert into UNIDAD_DIVISORIA (ID_UNIDAD,NOMBRE,ID_DIMENSION) VALUES(2,'UNIDAD1','B');
insert into UNIDAD_DIVISORIA (ID_UNIDAD,NOMBRE,ID_DIMENSION) VALUES(3,'UNIDAD1','C');
insert into UNIDAD_DIVISORIA (ID_UNIDAD,NOMBRE,ID_DIMENSION) VALUES(4,'UNIDAD1','D');
-- DATA MESA
insert into MESA (ID_MESA, NROMESA, CAPACIDAD, ID_SUCURSAL) values (1, 1, 4, 1);
insert into MESA (ID_MESA, NROMESA, CAPACIDAD, ID_SUCURSAL) values (2, 2, 5, 1);
insert into MESA (ID_MESA, NROMESA, CAPACIDAD, ID_SUCURSAL) values (3, 3, 4, 1);
insert into MESA (ID_MESA, NROMESA, CAPACIDAD, ID_SUCURSAL) values (4, 4, 3, 1);
insert into MESA (ID_MESA, NROMESA, CAPACIDAD, ID_SUCURSAL) values (5, 5, 6, 1);
insert into MESA (ID_MESA, NROMESA, CAPACIDAD, ID_SUCURSAL) values (6, 6, 1, 1);
insert into MESA (ID_MESA, NROMESA, CAPACIDAD, ID_SUCURSAL) values (7, 7, 4, 1);
insert into MESA (ID_MESA, NROMESA, CAPACIDAD, ID_SUCURSAL) values (8, 8, 2, 1);
insert into MESA (ID_MESA, NROMESA, CAPACIDAD, ID_SUCURSAL) values (9, 9, 2, 1);
insert into MESA (ID_MESA, NROMESA, CAPACIDAD, ID_SUCURSAL) values (10, 10, 5, 1);
insert into MESA (ID_MESA, NROMESA, CAPACIDAD, ID_SUCURSAL) values (11, 11, 5, 1);
insert into MESA (ID_MESA, NROMESA, CAPACIDAD, ID_SUCURSAL) values (12, 12, 6, 1);
insert into MESA (ID_MESA, NROMESA, CAPACIDAD, ID_SUCURSAL) values (13, 13, 6, 1);
insert into MESA (ID_MESA, NROMESA, CAPACIDAD, ID_SUCURSAL) values (14, 14, 1, 1);
insert into MESA (ID_MESA, NROMESA, CAPACIDAD, ID_SUCURSAL) values (15, 15, 4, 1);
insert into MESA (ID_MESA, NROMESA, CAPACIDAD, ID_SUCURSAL) values (16, 16, 2, 1);
insert into MESA (ID_MESA, NROMESA, CAPACIDAD, ID_SUCURSAL) values (17, 17, 2, 1);
insert into MESA (ID_MESA, NROMESA, CAPACIDAD, ID_SUCURSAL) values (18, 18, 6, 1);
insert into MESA (ID_MESA, NROMESA, CAPACIDAD, ID_SUCURSAL) values (19, 19, 1, 1);
insert into MESA (ID_MESA, NROMESA, CAPACIDAD, ID_SUCURSAL) values (20, 20, 3, 1);
insert into MESA (ID_MESA, NROMESA, CAPACIDAD, ID_SUCURSAL) values (21, 1, 4, 2);
insert into MESA (ID_MESA, NROMESA, CAPACIDAD, ID_SUCURSAL) values (22, 2, 6, 2);
insert into MESA (ID_MESA, NROMESA, CAPACIDAD, ID_SUCURSAL) values (23, 3, 2, 2);
insert into MESA (ID_MESA, NROMESA, CAPACIDAD, ID_SUCURSAL) values (24, 4, 2, 2);
insert into MESA (ID_MESA, NROMESA, CAPACIDAD, ID_SUCURSAL) values (25, 5, 4, 2);
insert into MESA (ID_MESA, NROMESA, CAPACIDAD, ID_SUCURSAL) values (26, 6, 5, 2);
insert into MESA (ID_MESA, NROMESA, CAPACIDAD, ID_SUCURSAL) values (27, 7, 4, 2);
insert into MESA (ID_MESA, NROMESA, CAPACIDAD, ID_SUCURSAL) values (28, 8, 4, 2);
insert into MESA (ID_MESA, NROMESA, CAPACIDAD, ID_SUCURSAL) values (29, 9, 4, 2);
insert into MESA (ID_MESA, NROMESA, CAPACIDAD, ID_SUCURSAL) values (30, 10, 1, 2);
insert into MESA (ID_MESA, NROMESA, CAPACIDAD, ID_SUCURSAL) values (31, 11, 4, 2);
insert into MESA (ID_MESA, NROMESA, CAPACIDAD, ID_SUCURSAL) values (32, 12, 5, 2);
insert into MESA (ID_MESA, NROMESA, CAPACIDAD, ID_SUCURSAL) values (33, 13, 1, 2);
insert into MESA (ID_MESA, NROMESA, CAPACIDAD, ID_SUCURSAL) values (34, 14, 5, 2);
insert into MESA (ID_MESA, NROMESA, CAPACIDAD, ID_SUCURSAL) values (35, 15, 3, 2);
insert into MESA (ID_MESA, NROMESA, CAPACIDAD, ID_SUCURSAL) values (36, 16, 1, 2);
insert into MESA (ID_MESA, NROMESA, CAPACIDAD, ID_SUCURSAL) values (37, 17, 4, 2);
insert into MESA (ID_MESA, NROMESA, CAPACIDAD, ID_SUCURSAL) values (38, 18, 2, 2);
insert into MESA (ID_MESA, NROMESA, CAPACIDAD, ID_SUCURSAL) values (39, 19, 1, 2);
insert into MESA (ID_MESA, NROMESA, CAPACIDAD, ID_SUCURSAL) values (40, 20, 2, 2);
insert into MESA (ID_MESA, NROMESA, CAPACIDAD, ID_SUCURSAL) values (41, 1, 1, 3);
insert into MESA (ID_MESA, NROMESA, CAPACIDAD, ID_SUCURSAL) values (42, 2, 4, 3);
insert into MESA (ID_MESA, NROMESA, CAPACIDAD, ID_SUCURSAL) values (43, 3, 5, 3);
insert into MESA (ID_MESA, NROMESA, CAPACIDAD, ID_SUCURSAL) values (44, 4, 2, 3);
insert into MESA (ID_MESA, NROMESA, CAPACIDAD, ID_SUCURSAL) values (45, 5, 2, 3);
insert into MESA (ID_MESA, NROMESA, CAPACIDAD, ID_SUCURSAL) values (46, 6, 1, 3);
insert into MESA (ID_MESA, NROMESA, CAPACIDAD, ID_SUCURSAL) values (47, 7, 4, 3);
insert into MESA (ID_MESA, NROMESA, CAPACIDAD, ID_SUCURSAL) values (48, 8, 3, 3);
insert into MESA (ID_MESA, NROMESA, CAPACIDAD, ID_SUCURSAL) values (49, 9, 6, 3);
insert into MESA (ID_MESA, NROMESA, CAPACIDAD, ID_SUCURSAL) values (50, 10, 2, 3);
insert into MESA (ID_MESA, NROMESA, CAPACIDAD, ID_SUCURSAL) values (51, 11, 6, 3);
insert into MESA (ID_MESA, NROMESA, CAPACIDAD, ID_SUCURSAL) values (52, 12, 5, 3);
insert into MESA (ID_MESA, NROMESA, CAPACIDAD, ID_SUCURSAL) values (53, 13, 1, 3);
insert into MESA (ID_MESA, NROMESA, CAPACIDAD, ID_SUCURSAL) values (54, 14, 1, 3);
insert into MESA (ID_MESA, NROMESA, CAPACIDAD, ID_SUCURSAL) values (55, 15, 4, 3);
insert into MESA (ID_MESA, NROMESA, CAPACIDAD, ID_SUCURSAL) values (56, 16, 6, 3);
insert into MESA (ID_MESA, NROMESA, CAPACIDAD, ID_SUCURSAL) values (57, 17, 1, 3);
insert into MESA (ID_MESA, NROMESA, CAPACIDAD, ID_SUCURSAL) values (58, 18, 5, 3);
insert into MESA (ID_MESA, NROMESA, CAPACIDAD, ID_SUCURSAL) values (59, 19, 1, 3);
insert into MESA (ID_MESA, NROMESA, CAPACIDAD, ID_SUCURSAL) values (60, 20, 4, 3);